{"cameraMode":{"drawMode":0,"name":"Shaded","section":"Shading Mode"},"sceneLighting":false,"audioPlay":false,"sceneViewState":{"showFog":true,"showMaterialUpdate":true,"showSkybox":false,"showFlares":true,"showImageEffects":true,"showParticleSystems":true},"in2DMode":false,"pivot":{"x":0.2774444818496704,"y":249.89828491210938,"z":0.5455067157745361},"rotation":{"x":-0.09424809366464615,"y":-0.28212305903434756,"z":0.0277409665286541,"w":-0.9543918371200562},"size":4.134318828582764,"orthographic":false}