{"cameraMode":{"drawMode":0,"name":"Shaded","section":"Shading Mode"},"sceneLighting":false,"audioPlay":false,"sceneViewState":{"showFog":true,"showMaterialUpdate":true,"showSkybox":false,"showFlares":true,"showImageEffects":true,"showParticleSystems":true},"in2DMode":false,"pivot":{"x":-0.02866828441619873,"y":1.2750585079193116,"z":-2.061789035797119},"rotation":{"x":0.0755385234951973,"y":0.17587485909461976,"z":-0.013510912656784058,"w":0.9814546704292297},"size":22.0,"orthographic":false}