{"cameraMode":{"drawMode":0,"name":"Shaded","section":"Shading Mode"},"sceneLighting":true,"audioPlay":false,"sceneViewState":{"showFog":true,"showMaterialUpdate":true,"showSkybox":true,"showFlares":true,"showImageEffects":true,"showParticleSystems":true},"in2DMode":false,"pivot":{"x":-34.705360412597659,"y":1.039447546005249,"z":-13.728351593017579},"rotation":{"x":0.019191114231944085,"y":-0.9585328698158264,"z":0.06654238700866699,"w":0.27645251154899599},"size":17.159969329833986,"orthographic":false}